{"cameraMode":{"drawMode":0,"name":"Shaded","section":"Shading Mode"},"sceneLighting":false,"audioPlay":false,"sceneViewState":{"showFog":false,"showMaterialUpdate":false,"showSkybox":false,"showFlares":false,"showImageEffects":false,"showParticleSystems":false,"showVisualEffectGraphs":true,"m_FxEnabled":true},"in2DMode":false,"pivot":{"x":-0.00002008676528930664,"y":0.7925721406936646,"z":-0.052422523498535159},"rotation":{"x":-0.021249333396553994,"y":0.8735194206237793,"z":-0.03829570859670639,"w":-0.48483186960220339},"size":1.246214509010315,"orthographic":false}