{"cameraMode":{"drawMode":0,"name":"Shaded","section":"Shading Mode"},"sceneLighting":false,"audioPlay":false,"sceneViewState":{"showFog":true,"showMaterialUpdate":true,"showSkybox":false,"showFlares":true,"showImageEffects":true,"showParticleSystems":true,"showVisualEffectGraphs":true,"m_FxEnabled":true},"in2DMode":false,"pivot":{"x":0.48011288046836855,"y":0.7419484853744507,"z":2.80574107170105},"rotation":{"x":-0.21889647841453553,"y":-0.03307177498936653,"z":0.007428864017128944,"w":-0.9751715660095215},"size":1.5000174045562745,"orthographic":false}