{"cameraMode":{"drawMode":0,"name":"Shaded","section":"Shading Mode"},"sceneLighting":true,"audioPlay":false,"sceneViewState":{"showFog":true,"showMaterialUpdate":true,"showSkybox":true,"showFlares":true,"showImageEffects":true,"showParticleSystems":true,"showVisualEffectGraphs":true,"m_FxEnabled":true},"in2DMode":false,"pivot":{"x":1.3455259799957276,"y":11.392998695373536,"z":9.664045333862305},"rotation":{"x":-0.23285633325576783,"y":0.07925386726856232,"z":-0.019038207828998567,"w":-0.969102680683136},"size":17.65813636779785,"orthographic":false}