{"cameraMode":{"drawMode":0,"name":"Shaded","section":"Shading Mode"},"sceneLighting":true,"audioPlay":false,"sceneViewState":{"showFog":true,"showMaterialUpdate":true,"showSkybox":true,"showFlares":true,"showImageEffects":true,"showParticleSystems":true},"in2DMode":false,"pivot":{"x":0.893007755279541,"y":1.165644645690918,"z":-12.381409645080567},"rotation":{"x":-0.06444627046585083,"y":0.23194104433059693,"z":-0.01540232915431261,"w":-0.9704718589782715},"size":1.9413888454437256,"orthographic":false}