{"cameraMode":{"drawMode":0,"name":"Shaded","section":"Shading Mode"},"sceneLighting":false,"audioPlay":false,"sceneViewState":{"showFog":true,"showMaterialUpdate":true,"showSkybox":false,"showFlares":true,"showImageEffects":true,"showParticleSystems":true},"in2DMode":false,"pivot":{"x":422.2486572265625,"y":203.8481903076172,"z":0.2906271517276764},"rotation":{"x":-0.21053709089756013,"y":0.43246152997016909,"z":-0.10459816455841065,"w":-0.8704654574394226},"size":469.4656066894531,"orthographic":false}