{"cameraMode":{"drawMode":0,"name":"Shaded","section":"Shading Mode"},"sceneLighting":true,"audioPlay":false,"sceneViewState":{"showFog":true,"showMaterialUpdate":true,"showSkybox":true,"showFlares":true,"showImageEffects":true,"showParticleSystems":true},"in2DMode":false,"pivot":{"x":6.513740062713623,"y":2.3364315032958986,"z":1.4895232915878297},"rotation":{"x":-0.05558135733008385,"y":0.08436525613069534,"z":-0.004713083151727915,"w":-0.9948734045028687},"size":2.3250479698181154,"orthographic":false}