{"cameraMode":{"drawMode":0,"name":"Shaded","section":"Shading Mode"},"sceneLighting":true,"audioPlay":false,"sceneViewState":{"showFog":true,"showMaterialUpdate":true,"showSkybox":true,"showFlares":true,"showImageEffects":true,"showParticleSystems":true},"in2DMode":false,"pivot":{"x":5.274390697479248,"y":5.761527061462402,"z":-0.10672760009765625},"rotation":{"x":-0.2808398902416229,"y":0.35755202174186709,"z":-0.11367081105709076,"w":-0.8833823800086975},"size":5.263277530670166,"orthographic":false}